[{"model": "sessions.session", "pk": "9z42ndu32dpcdkg32lq147zudrbu8jjh", "fields": {"session_data": "MGYwMmI3YjEwYjhiNTM3MTQ0OGZmZDU2OGYwYjAzYTBjOGM1NTIyOTp7Im5leHQiOiIvIiwidmstb2F1dGgyX3N0YXRlIjoiVW1VQ0Q1TGo1Znd4RzB2OFJpRzBxWEtSUm50YmhKc2siLCJfYXV0aF91c2VyX2lkIjoiMjQiLCJfYXV0aF91c2VyX2JhY2tlbmQiOiJzb2NpYWxfY29yZS5iYWNrZW5kcy52ay5WS09BdXRoMiIsIl9hdXRoX3VzZXJfaGFzaCI6ImFhMDkxMjEzM2MzMGE4MDMyMTE4Mzc2MjY0ZjMxZDgzYTBjNDE5MDMiLCJzb2NpYWxfYXV0aF9sYXN0X2xvZ2luX2JhY2tlbmQiOiJ2ay1vYXV0aDIifQ==", "expire_date": "2019-05-15T19:49:56.592Z"}}, {"model": "sessions.session", "pk": "m98hyjgvmxso2xswp7r90u5ga3brdly6", "fields": {"session_data": "MmExNTdkZjUyMzFiM2FjMDJhM2U0ZDViZjk2OTMxMDFmY2ExYjI4NTp7Il9hdXRoX3VzZXJfaWQiOiIyIiwiX2F1dGhfdXNlcl9iYWNrZW5kIjoiZGphbmdvLmNvbnRyaWIuYXV0aC5iYWNrZW5kcy5Nb2RlbEJhY2tlbmQiLCJfYXV0aF91c2VyX2hhc2giOiI1YjI1MTBhZDY2ZDg2YjcxMTVkYWQwMzYyOWYzNjZmODIzZTY3MjBmIn0=", "expire_date": "2019-04-19T20:39:19.248Z"}}, {"model": "sessions.session", "pk": "mpjbfrw3om0q4x4nedzyddxuvosrqouu", "fields": {"session_data": "NzczMjQxZTYwZDJiMTkzNTZkOGNmZjFjYzBkYjI0YjJlOTlmMzMxMzp7Im5leHQiOiIvIiwidmstb2F1dGgyX3N0YXRlIjoiZFN3bGYzM051QURwUXdFV25VeHRLZzgwUXRRODY1S2EifQ==", "expire_date": "2019-05-03T20:32:39.935Z"}}, {"model": "sessions.session", "pk": "t37kt5szk7d8x3kdfkb7eyhksiqo9o4l", "fields": {"session_data": "NGRhMThiYjEyMDc5OGZkMThiMTZmYTk5NmMzZGRlYjc1NzJjOTlmMzp7Il9hdXRoX3VzZXJfaWQiOiIxIiwiX2F1dGhfdXNlcl9iYWNrZW5kIjoiZGphbmdvLmNvbnRyaWIuYXV0aC5iYWNrZW5kcy5Nb2RlbEJhY2tlbmQiLCJfYXV0aF91c2VyX2hhc2giOiI4MTdmN2JkMDdiMDU1ZWRlYWQ2MmIxYjQ0MThkOTUyZDkwYzJmMDZhIn0=", "expire_date": "2019-05-03T21:35:52.786Z"}}, {"model": "mainapp.cardcategory", "pk": 1, "fields": {"name": "\u043e\u0434\u0435\u0436\u0434\u0430", "description": "\u041e\u0434\u0435\u0436\u0434\u0430 \u0434\u043b\u044f \u0441\u0435\u0440\u0444\u0438\u043d\u0433\u0430", "is_active": true}}, {"model": "mainapp.cardcategory", "pk": 2, "fields": {"name": "\u0434\u043e\u0441\u043a\u0438", "description": "\u0414\u043e\u0441\u043a\u0438 \u0434\u043b\u044f \u0441\u0435\u0440\u0444\u0438\u043d\u0433\u0430", "is_active": true}}, {"model": "mainapp.cardcategory", "pk": 3, "fields": {"name": "\u0414\u043e\u043f \u043e\u0431\u043e\u0440\u0443\u0434\u043e\u0432\u0430\u043d\u0438\u0435", "description": "\u0414\u043e\u043f\u043e\u043b\u043d\u0438\u0442\u0435\u043b\u044c\u043d\u043e\u0435 \u043e\u0431\u043e\u0440\u0443\u0434\u043e\u0432\u0430\u043d\u0438\u0435 \u0434\u043b\u044f \u0437\u0430\u043d\u044f\u0442\u0438\u044f \u0441\u0435\u0440\u0444\u0438\u043d\u0433\u043e\u043c", "is_active": true}}, {"model": "mainapp.card", "pk": 1, "fields": {"category": 2, "img": "cards_images/surfing_1_eWH2yxO.png", "name": "Surf long", "title": "\u0414\u043e\u0441\u043a\u0430 \u0434\u043b\u044f \u043a\u0430\u0442\u0430\u043d\u0438\u044f \u043f\u043e \u0438\u0441\u043a\u0443\u0441\u0442\u0432\u0435\u043d\u043d\u044b\u043c \u0432\u043e\u043b\u043d\u0430\u043c.", "price": "1500.00", "quantity": 2, "is_active": true}}, {"model": "mainapp.card", "pk": 2, "fields": {"category": 2, "img": "cards_images/surfing_2.png", "name": "Surf slice", "title": "\u0414\u043e\u0441\u043a\u0430 \u0434\u043b\u044f \u043a\u0430\u0442\u0430\u043d\u0438\u044f \u043f\u043e \u043e\u043a\u0435\u0430\u043d\u0438\u0447\u0435\u0441\u043a\u0438\u043c \u0432\u043e\u043b\u043d\u0430\u043c.", "price": "1200.00", "quantity": -2, "is_active": true}}, {"model": "mainapp.card", "pk": 3, "fields": {"category": 2, "img": "cards_images/surfing_3_ftDPoCg.png", "name": "Surf spring", "title": "\u0414\u043e\u0441\u043a\u0430 \u0434\u043b\u044f \u043a\u0430\u0442\u0430\u043d\u0438\u044f \u043f\u043e \u043f\u043e \u043f\u0435\u0441\u0447\u0430\u043d\u044b\u043c \u0434\u044e\u043d\u0430\u043c.", "price": "1750.00", "quantity": 21, "is_active": true}}, {"model": "mainapp.card", "pk": 4, "fields": {"category": 2, "img": "cards_images/surfing_4_xrGB5b0.png", "name": "Surf short", "title": "\u0414\u043e\u0441\u043a\u0430 \u0434\u043b\u044f \u043a\u0430\u0442\u0430\u043d\u0438\u044f \u043f\u043e \u0442\u0440\u043e\u043f\u0438\u0447\u0435\u0441\u043a\u0438\u043c \u043f\u043b\u044f\u0436\u0430\u043c.", "price": "2988.00", "quantity": 1, "is_active": true}}, {"model": "mainapp.card", "pk": 5, "fields": {"category": 2, "img": "cards_images/surfing_5_U1MKhGy.png", "name": "Fish board", "title": "\u0414\u043e\u0441\u043a\u0430 \u0434\u043b\u044f \u043a\u0430\u0442\u0430\u043d\u0438\u044f \u043f\u043e \u043e\u043a\u0435\u0430\u043d\u0438\u0447\u0435\u0441\u043a\u0438\u043c \u0432\u043e\u043b\u043d\u0430\u043c.", "price": "3752.00", "quantity": 8, "is_active": true}}, {"model": "mainapp.card", "pk": 6, "fields": {"category": 2, "img": "cards_images/surfing_6_sP9EF0T.png", "name": "Sup board", "title": "\u0414\u043e\u0441\u043a\u0430 \u0434\u043b\u044f \u043a\u0430\u0442\u0430\u043d\u0438\u044f \u043f\u043e \u043e\u043a\u0435\u0430\u043d\u0438\u0447\u0435\u0441\u043a\u0438\u043c \u0432\u043e\u043b\u043d\u0430\u043c.", "price": "769.00", "quantity": 8, "is_active": true}}, {"model": "mainapp.card", "pk": 7, "fields": {"category": 1, "img": "cards_images/springsuit1.jpg", "name": "Highline Lite", "title": "\u0413\u0438\u0434\u0440\u043e\u043a\u043e\u0441\u0442\u044e\u043c \u0431\u0435\u0437 \u043c\u043e\u043b\u043d\u0438\u0438 4/3mm", "price": "25790.00", "quantity": 3, "is_active": true}}, {"model": "mainapp.card", "pk": 8, "fields": {"category": 1, "img": "cards_images/springsuit2.jpg", "name": "Active UPF 50", "title": "\u0420\u0430\u0448\u0433\u0430\u0440\u0434 c \u0434\u043b\u0438\u043d\u043d\u044b\u043c \u0440\u0443\u043a\u0430\u0432\u043e\u043c Active", "price": "2990.00", "quantity": 1, "is_active": true}}, {"model": "mainapp.card", "pk": 9, "fields": {"category": 1, "img": "cards_images/springsuit3.jpg", "name": "Syncro Series", "title": "\u0413\u0438\u0434\u0440\u043e\u043a\u043e\u0441\u0442\u044e\u043c \u0441 \u043c\u043e\u043b\u043d\u0438\u0435\u0439 \u043d\u0430 \u0433\u0440\u0443\u0434\u0438 4/3mm", "price": "17990.00", "quantity": 4, "is_active": true}}, {"model": "mainapp.card", "pk": 10, "fields": {"category": 1, "img": "cards_images/rashguard.jpg", "name": "All Time UPF 50", "title": "\u0420\u0430\u0448\u0433\u0430\u0440\u0434 c \u043a\u043e\u0440\u043e\u0442\u043a\u0438\u043c \u0440\u0443\u043a\u0430\u0432\u043e\u043c", "price": "2390.00", "quantity": -2, "is_active": true}}, {"model": "mainapp.card", "pk": 11, "fields": {"category": 3, "img": "cards_images/gloves.jpg", "name": "\u041f\u0435\u0440\u0447\u0430\u0442\u043a\u04382", "title": "\u041f\u043e\u0434\u0432\u043e\u0434\u043d\u044b\u0435 \u043f\u0435\u0440\u0447\u0430\u0442\u043a\u0438 \u0434\u043b\u044f \u0441\u0435\u0440\u0444\u0438\u043d\u0433\u0430", "price": "540.00", "quantity": 10, "is_active": true}}, {"model": "authapp.geekuser", "pk": 1, "fields": {"password": "pbkdf2_sha256$120000$sIu87PsRy3Ff$tY8PLoSkReXIyZ0OhRRelbAkQmyjms3qfY5AYh1pRQo=", "last_login": "2019-05-01T19:49:00.639Z", "is_superuser": true, "username": "django", "first_name": "", "last_name": "", "email": "django@geekshop.local", "is_staff": true, "is_active": true, "date_joined": "2019-03-31T22:09:51Z", "avatar": "users_avatars/Desert.jpg", "age": 33, "activation_key": "", "activation_key_expires": "2019-04-18T13:16:28.872Z", "groups": [], "user_permissions": []}}, {"model": "authapp.geekuser", "pk": 2, "fields": {"password": "pbkdf2_sha256$120000$PIFSVJ3DiMpg$fS0l96c9HXBkj1mZg3RY+OtsGwjTCXyr/RiECk5khBc=", "last_login": "2019-04-22T19:51:22.593Z", "is_superuser": false, "username": "user1", "first_name": "Alexzev", "last_name": "", "email": "zver@mail.ru", "is_staff": false, "is_active": true, "date_joined": "2019-04-02T19:19:15.652Z", "avatar": "users_avatars/555.jpg", "age": 33, "activation_key": "", "activation_key_expires": "2019-04-18T13:16:28.872Z", "groups": [], "user_permissions": []}}, {"model": "authapp.geekuser", "pk": 3, "fields": {"password": "pbkdf2_sha256$120000$OVuM2zBRCL8E$B+vpPUizAPhckZmx7fDWqaKs/6Ceu/XRUnHO9s5aiTE=", "last_login": null, "is_superuser": false, "username": "user2", "first_name": "Petr", "last_name": "Petrov", "email": "petr@mai.ru", "is_staff": false, "is_active": true, "date_joined": "2019-04-12T13:32:31Z", "avatar": "users_avatars/Koala.jpg", "age": 23, "activation_key": "", "activation_key_expires": "2019-04-18T13:16:28.872Z", "groups": [], "user_permissions": []}}, {"model": "authapp.geekuser", "pk": 4, "fields": {"password": "pbkdf2_sha256$120000$XmBDMxKMo6Q9$En96dIsQPi3ym9ugsakNEGLXuVukMx0b7p8rxrBOXlY=", "last_login": null, "is_superuser": false, "username": "user3", "first_name": "Petr", "last_name": "Petrov", "email": "user3@local.com", "is_staff": false, "is_active": false, "date_joined": "2019-04-16T19:26:14.361Z", "avatar": "", "age": 21, "activation_key": "6076478c04c3924bf92e2f5eb632f9c18b69dccc", "activation_key_expires": "2019-04-18T19:26:14.361Z", "groups": [], "user_permissions": []}}, {"model": "authapp.geekuser", "pk": 5, "fields": {"password": "pbkdf2_sha256$120000$pbh43HmZJhmI$xamA8zr8wNr+0GS1hRUlrv+xBXN8TSs2vJDOSQCGEY0=", "last_login": null, "is_superuser": false, "username": "user4", "first_name": "Ivan", "last_name": "Ivanov", "email": "user4@local.com", "is_staff": false, "is_active": false, "date_joined": "2019-04-16T19:45:56.895Z", "avatar": "", "age": 21, "activation_key": "a6c9f30c3e709675c3a49b430def49868e294a94", "activation_key_expires": "2019-04-18T19:45:56.895Z", "groups": [], "user_permissions": []}}, {"model": "authapp.geekuser", "pk": 6, "fields": {"password": "pbkdf2_sha256$120000$nFwEhxbLeMjU$bPyL82v2ot0kN5pkirh+G43laOenV3YSkfJ7ZfZf/3M=", "last_login": null, "is_superuser": false, "username": "user5", "first_name": "Ivan", "last_name": "Ivanov", "email": "user5@local.com", "is_staff": false, "is_active": false, "date_joined": "2019-04-16T20:00:14.535Z", "avatar": "", "age": 22, "activation_key": "29e33c93ed244c7dd11ee6a9631fa5e874e0e0af", "activation_key_expires": "2019-04-18T20:00:14.535Z", "groups": [], "user_permissions": []}}, {"model": "authapp.geekuser", "pk": 7, "fields": {"password": "pbkdf2_sha256$120000$CCYWcTG03LDY$i4H6ohbhR1ZJyYR7vGkCSdBy9WuneASSake5+ByvE1I=", "last_login": null, "is_superuser": false, "username": "user6", "first_name": "qwe", "last_name": "qwer", "email": "mail@web-tut.ru", "is_staff": false, "is_active": false, "date_joined": "2019-04-16T20:09:19.625Z", "avatar": "", "age": 23, "activation_key": "18c750bed067550a84481ffcff50577fb37c16a1", "activation_key_expires": "2019-04-18T20:09:19.625Z", "groups": [], "user_permissions": []}}, {"model": "authapp.geekuser", "pk": 8, "fields": {"password": "pbkdf2_sha256$120000$qPE91UnGlSQ9$Cau0HO4tHd3LCKcczSAzNr/BLQD3eG+qVc4ne7PMC8o=", "last_login": "2019-04-16T20:31:12.048Z", "is_superuser": false, "username": "user7", "first_name": "Anton", "last_name": "Antonov", "email": "user7@local.com", "is_staff": false, "is_active": true, "date_joined": "2019-04-16T20:14:17.326Z", "avatar": "", "age": 34, "activation_key": "db95ad010d05f3815071095d56d8e07588934130", "activation_key_expires": "2019-04-18T20:14:17.326Z", "groups": [], "user_permissions": []}}, {"model": "authapp.geekuser", "pk": 9, "fields": {"password": "pbkdf2_sha256$120000$ut5NIIbZLu9d$0vdoeXWQy7XJF8XaEy8oTEmcUwoeIASHV+0OiRzabs4=", "last_login": null, "is_superuser": false, "username": "user8", "first_name": "qwe", "last_name": "asd", "email": "user8@local.com", "is_staff": false, "is_active": false, "date_joined": "2019-04-16T21:08:43.587Z", "avatar": "", "age": 23, "activation_key": "e68d9c543be095321cddf19667566cde69ff9200", "activation_key_expires": "2019-04-18T21:08:43.587Z", "groups": [], "user_permissions": []}}, {"model": "authapp.geekuser", "pk": 10, "fields": {"password": "pbkdf2_sha256$120000$wbBR4qSIn7LO$Qkz3yCwu4svo7vLXeedSHlwhbBvNOPNJhN2kWl6/hdQ=", "last_login": "2019-04-16T21:21:04.852Z", "is_superuser": false, "username": "user9", "first_name": "zxc", "last_name": "asd", "email": "user9@local.com", "is_staff": false, "is_active": true, "date_joined": "2019-04-16T21:15:24.937Z", "avatar": "", "age": 22, "activation_key": "f1ad4f5002759c1e5f65338a45226ab68798b843", "activation_key_expires": "2019-04-18T21:15:24.937Z", "groups": [], "user_permissions": []}}, {"model": "authapp.geekuser", "pk": 11, "fields": {"password": "pbkdf2_sha256$120000$rbp2QHVqW45s$HzOOJhj67Vn0wcWxXH7sabnLyGFr5/bzHldPkUi7808=", "last_login": "2019-04-17T10:04:03.512Z", "is_superuser": false, "username": "Test", "first_name": "Petr", "last_name": "Petrov", "email": "test1@global.com", "is_staff": false, "is_active": true, "date_joined": "2019-04-17T10:03:04.179Z", "avatar": "", "age": 45, "activation_key": "63212ae4ccb69354665c77e5a45630007970c14f", "activation_key_expires": "2019-04-19T10:03:04.179Z", "groups": [], "user_permissions": []}}, {"model": "authapp.geekuser", "pk": 13, "fields": {"password": "pbkdf2_sha256$120000$cMYwFbPEhXfm$snZDaSNnMULOadc9YrNVc1xfgkt9IRUbpo6c2sv/WQ4=", "last_login": null, "is_superuser": false, "username": "user10", "first_name": "Max", "last_name": "Puhov", "email": "user10@local.com", "is_staff": false, "is_active": true, "date_joined": "2019-04-19T19:47:05.003Z", "avatar": "", "age": 18, "activation_key": "", "activation_key_expires": "2019-04-21T19:47:05.003Z", "groups": [], "user_permissions": []}}, {"model": "authapp.geekuser", "pk": 14, "fields": {"password": "pbkdf2_sha256$120000$n8b3BrA7XxCg$frnhmayyTFC438D4bf382rA3b6CS+sH3jO4xRmVPy2A=", "last_login": "2019-04-19T20:07:36.518Z", "is_superuser": false, "username": "user13", "first_name": "Max", "last_name": "Puhov", "email": "user13@local.com", "is_staff": false, "is_active": true, "date_joined": "2019-04-19T19:48:29.745Z", "avatar": "", "age": 18, "activation_key": "f48b3249af32e4825ba34c711480e42f77fb6328", "activation_key_expires": "2019-04-21T19:48:29.745Z", "groups": [], "user_permissions": []}}, {"model": "authapp.geekuser", "pk": 24, "fields": {"password": "!zn55rur8ETXzqE60jmuJLxQfvZPDxUyn2wOY7oxB", "last_login": "2019-05-01T19:49:56.571Z", "is_superuser": false, "username": "id38219247", "first_name": "\u0410\u043b\u0435\u043a\u0441\u0435\u0439", "last_name": "\u0417\u0432\u0435\u0440\u044f\u043a\u0430", "email": "zver2485@mail.ru", "is_staff": false, "is_active": true, "date_joined": "2019-04-19T22:50:27.196Z", "avatar": "", "age": 18, "activation_key": "", "activation_key_expires": "2019-04-21T22:50:27.196Z", "groups": [], "user_permissions": []}}, {"model": "authapp.geekuserprofile", "pk": 1, "fields": {"user": 1, "tagline": "", "phone": "", "aboutMe": "", "gender": "M"}}, {"model": "authapp.geekuserprofile", "pk": 2, "fields": {"user": 2, "tagline": "", "phone": "", "aboutMe": "", "gender": "M"}}, {"model": "authapp.geekuserprofile", "pk": 3, "fields": {"user": 3, "tagline": "", "phone": "", "aboutMe": "", "gender": ""}}, {"model": "authapp.geekuserprofile", "pk": 4, "fields": {"user": 4, "tagline": "", "phone": "", "aboutMe": "", "gender": ""}}, {"model": "authapp.geekuserprofile", "pk": 5, "fields": {"user": 5, "tagline": "", "phone": "", "aboutMe": "", "gender": ""}}, {"model": "authapp.geekuserprofile", "pk": 6, "fields": {"user": 6, "tagline": "", "phone": "", "aboutMe": "", "gender": ""}}, {"model": "authapp.geekuserprofile", "pk": 7, "fields": {"user": 7, "tagline": "", "phone": "", "aboutMe": "", "gender": ""}}, {"model": "authapp.geekuserprofile", "pk": 8, "fields": {"user": 8, "tagline": "", "phone": "", "aboutMe": "", "gender": ""}}, {"model": "authapp.geekuserprofile", "pk": 9, "fields": {"user": 9, "tagline": "", "phone": "", "aboutMe": "", "gender": ""}}, {"model": "authapp.geekuserprofile", "pk": 10, "fields": {"user": 10, "tagline": "", "phone": "", "aboutMe": "", "gender": ""}}, {"model": "authapp.geekuserprofile", "pk": 11, "fields": {"user": 11, "tagline": "", "phone": "", "aboutMe": "", "gender": ""}}, {"model": "authapp.geekuserprofile", "pk": 13, "fields": {"user": 14, "tagline": "", "phone": "", "aboutMe": "", "gender": ""}}, {"model": "authapp.geekuserprofile", "pk": 23, "fields": {"user": 24, "tagline": "", "phone": "", "aboutMe": "", "gender": "M"}}, {"model": "basketapp.basket", "pk": 2, "fields": {"user": 2, "card": 10, "quantity": 1, "add_datetime": "2019-04-04T11:31:26.202Z"}}, {"model": "basketapp.basket", "pk": 14, "fields": {"user": 11, "card": 2, "quantity": 5, "add_datetime": "2019-04-17T10:11:07.517Z"}}, {"model": "basketapp.basket", "pk": 15, "fields": {"user": 11, "card": 7, "quantity": 1, "add_datetime": "2019-04-17T10:42:21.302Z"}}, {"model": "basketapp.basket", "pk": 73, "fields": {"user": 24, "card": 7, "quantity": 1, "add_datetime": "2019-05-02T18:26:18.238Z"}}, {"model": "basketapp.basket", "pk": 74, "fields": {"user": 24, "card": 10, "quantity": 1, "add_datetime": "2019-05-02T18:26:32.424Z"}}, {"model": "social_django.usersocialauth", "pk": 6, "fields": {"user": 24, "provider": "vk-oauth2", "uid": "38219247", "extra_data": "{\"auth_time\": 1556740196, \"id\": 38219247, \"expires\": 86400, \"access_token\": \"9f81ac5ff2480fa79832c726b5625d18e1a4a81677c59e9a6ab4535a8239cae7cbf027229d3fba92186c4\", \"token_type\": null}"}}, {"model": "ordersapp.order", "pk": 1, "fields": {"user": 1, "created": "2019-04-23T21:29:21.678Z", "updated": "2019-04-25T09:52:10.954Z", "status": "FM", "is_active": false}}, {"model": "ordersapp.order", "pk": 2, "fields": {"user": 1, "created": "2019-04-25T09:52:24.397Z", "updated": "2019-04-25T10:47:04.891Z", "status": "STP", "is_active": true}}, {"model": "ordersapp.order", "pk": 3, "fields": {"user": 1, "created": "2019-04-25T10:47:53.235Z", "updated": "2019-04-27T21:47:27.899Z", "status": "FM", "is_active": false}}, {"model": "ordersapp.order", "pk": 4, "fields": {"user": 1, "created": "2019-04-26T12:43:04.451Z", "updated": "2019-04-27T21:47:32.596Z", "status": "FM", "is_active": false}}, {"model": "ordersapp.order", "pk": 5, "fields": {"user": 1, "created": "2019-04-26T19:26:06.150Z", "updated": "2019-04-27T21:47:37.348Z", "status": "FM", "is_active": false}}, {"model": "ordersapp.order", "pk": 6, "fields": {"user": 1, "created": "2019-04-27T21:46:47.283Z", "updated": "2019-04-27T21:47:44.611Z", "status": "FM", "is_active": false}}, {"model": "ordersapp.order", "pk": 7, "fields": {"user": 1, "created": "2019-04-27T22:01:56.061Z", "updated": "2019-04-30T12:39:29.024Z", "status": "FM", "is_active": true}}, {"model": "ordersapp.order", "pk": 8, "fields": {"user": 1, "created": "2019-04-30T21:15:02.839Z", "updated": "2019-05-01T19:28:56.017Z", "status": "FM", "is_active": true}}, {"model": "ordersapp.order", "pk": 9, "fields": {"user": 1, "created": "2019-05-01T18:46:20.438Z", "updated": "2019-05-01T19:32:59.532Z", "status": "FM", "is_active": true}}, {"model": "ordersapp.order", "pk": 10, "fields": {"user": 24, "created": "2019-05-01T19:51:06.299Z", "updated": "2019-05-01T19:51:54.090Z", "status": "FM", "is_active": false}}, {"model": "ordersapp.orderitem", "pk": 1, "fields": {"order": 1, "card": 7, "quantity": 7}}, {"model": "ordersapp.orderitem", "pk": 2, "fields": {"order": 1, "card": 10, "quantity": 2}}, {"model": "ordersapp.orderitem", "pk": 3, "fields": {"order": 1, "card": 9, "quantity": 1}}, {"model": "ordersapp.orderitem", "pk": 4, "fields": {"order": 2, "card": 1, "quantity": 2}}, {"model": "ordersapp.orderitem", "pk": 5, "fields": {"order": 3, "card": 3, "quantity": 4}}, {"model": "ordersapp.orderitem", "pk": 6, "fields": {"order": 4, "card": 1, "quantity": 1}}, {"model": "ordersapp.orderitem", "pk": 7, "fields": {"order": 4, "card": 5, "quantity": 5}}, {"model": "ordersapp.orderitem", "pk": 8, "fields": {"order": 5, "card": 5, "quantity": 4}}, {"model": "ordersapp.orderitem", "pk": 9, "fields": {"order": 6, "card": 10, "quantity": 1}}, {"model": "ordersapp.orderitem", "pk": 10, "fields": {"order": 7, "card": 2, "quantity": 4}}, {"model": "ordersapp.orderitem", "pk": 11, "fields": {"order": 7, "card": 8, "quantity": 1}}, {"model": "ordersapp.orderitem", "pk": 12, "fields": {"order": 8, "card": 7, "quantity": 1}}, {"model": "ordersapp.orderitem", "pk": 17, "fields": {"order": 9, "card": 11, "quantity": 1}}, {"model": "ordersapp.orderitem", "pk": 18, "fields": {"order": 9, "card": 6, "quantity": 1}}, {"model": "ordersapp.orderitem", "pk": 20, "fields": {"order": 9, "card": 1, "quantity": 1}}, {"model": "ordersapp.orderitem", "pk": 22, "fields": {"order": 8, "card": 11, "quantity": 1}}, {"model": "ordersapp.orderitem", "pk": 23, "fields": {"order": 10, "card": 10, "quantity": 1}}, {"model": "ordersapp.orderitem", "pk": 24, "fields": {"order": 10, "card": 9, "quantity": 1}}, {"model": "admin.logentry", "pk": 1, "fields": {"action_time": "2019-04-03T21:33:34.295Z", "user": 1, "content_type": 6, "object_id": "7", "object_repr": "Highline Lite (\u043e\u0434\u0435\u0436\u0434\u0430)", "action_flag": 1, "change_message": "[{\"added\": {}}]"}}, {"model": "admin.logentry", "pk": 2, "fields": {"action_time": "2019-04-03T21:35:14.788Z", "user": 1, "content_type": 6, "object_id": "8", "object_repr": "Active UPF 50 (\u043e\u0434\u0435\u0436\u0434\u0430)", "action_flag": 1, "change_message": "[{\"added\": {}}]"}}, {"model": "admin.logentry", "pk": 3, "fields": {"action_time": "2019-04-03T21:37:24.722Z", "user": 1, "content_type": 6, "object_id": "9", "object_repr": "Syncro Series (\u043e\u0434\u0435\u0436\u0434\u0430)", "action_flag": 1, "change_message": "[{\"added\": {}}]"}}, {"model": "admin.logentry", "pk": 4, "fields": {"action_time": "2019-04-03T21:40:10.023Z", "user": 1, "content_type": 6, "object_id": "10", "object_repr": "All Time UPF 50 (\u043e\u0434\u0435\u0436\u0434\u0430)", "action_flag": 1, "change_message": "[{\"added\": {}}]"}}, {"model": "admin.logentry", "pk": 5, "fields": {"action_time": "2019-04-03T22:17:46.843Z", "user": 1, "content_type": 7, "object_id": "2", "object_repr": "\u0434\u043e\u0441\u043a\u0438", "action_flag": 2, "change_message": "[{\"changed\": {\"fields\": [\"description\"]}}]"}}, {"model": "admin.logentry", "pk": 6, "fields": {"action_time": "2019-04-03T22:17:58.596Z", "user": 1, "content_type": 7, "object_id": "1", "object_repr": "\u043e\u0434\u0435\u0436\u0434\u0430", "action_flag": 2, "change_message": "[{\"changed\": {\"fields\": [\"description\"]}}]"}}, {"model": "admin.logentry", "pk": 7, "fields": {"action_time": "2019-04-10T13:09:19.939Z", "user": 1, "content_type": 6, "object_id": "1", "object_repr": "Surf long (\u0434\u043e\u0441\u043a\u0438)", "action_flag": 2, "change_message": "[{\"changed\": {\"fields\": [\"img\"]}}]"}}, {"model": "admin.logentry", "pk": 8, "fields": {"action_time": "2019-04-10T13:40:30.235Z", "user": 1, "content_type": 6, "object_id": "2", "object_repr": "Surf slice (\u0434\u043e\u0441\u043a\u0438)", "action_flag": 2, "change_message": "[{\"changed\": {\"fields\": [\"img\"]}}]"}}, {"model": "admin.logentry", "pk": 9, "fields": {"action_time": "2019-04-10T13:44:52.175Z", "user": 1, "content_type": 6, "object_id": "1", "object_repr": "Surf long (\u0434\u043e\u0441\u043a\u0438)", "action_flag": 2, "change_message": "[{\"changed\": {\"fields\": [\"img\"]}}]"}}, {"model": "admin.logentry", "pk": 10, "fields": {"action_time": "2019-04-10T13:45:19.063Z", "user": 1, "content_type": 6, "object_id": "3", "object_repr": "Surf spring (\u0434\u043e\u0441\u043a\u0438)", "action_flag": 2, "change_message": "[{\"changed\": {\"fields\": [\"img\"]}}]"}}, {"model": "admin.logentry", "pk": 11, "fields": {"action_time": "2019-04-10T13:45:32.109Z", "user": 1, "content_type": 6, "object_id": "4", "object_repr": "Surf short (\u0434\u043e\u0441\u043a\u0438)", "action_flag": 2, "change_message": "[{\"changed\": {\"fields\": [\"img\"]}}]"}}, {"model": "admin.logentry", "pk": 12, "fields": {"action_time": "2019-04-10T13:45:46.317Z", "user": 1, "content_type": 6, "object_id": "5", "object_repr": "Fish board (\u0434\u043e\u0441\u043a\u0438)", "action_flag": 2, "change_message": "[{\"changed\": {\"fields\": [\"img\"]}}]"}}, {"model": "admin.logentry", "pk": 13, "fields": {"action_time": "2019-04-10T13:45:58.626Z", "user": 1, "content_type": 6, "object_id": "6", "object_repr": "Sup board (\u0434\u043e\u0441\u043a\u0438)", "action_flag": 2, "change_message": "[{\"changed\": {\"fields\": [\"img\"]}}]"}}, {"model": "admin.logentry", "pk": 14, "fields": {"action_time": "2019-04-10T13:51:06.088Z", "user": 1, "content_type": 6, "object_id": "3", "object_repr": "Surf spring (\u0434\u043e\u0441\u043a\u0438)", "action_flag": 2, "change_message": "[{\"changed\": {\"fields\": [\"img\"]}}]"}}, {"model": "admin.logentry", "pk": 15, "fields": {"action_time": "2019-04-10T13:54:04.609Z", "user": 1, "content_type": 6, "object_id": "3", "object_repr": "Surf spring (\u0434\u043e\u0441\u043a\u0438)", "action_flag": 2, "change_message": "[{\"changed\": {\"fields\": [\"img\"]}}]"}}, {"model": "admin.logentry", "pk": 16, "fields": {"action_time": "2019-04-10T13:54:17.136Z", "user": 1, "content_type": 6, "object_id": "4", "object_repr": "Surf short (\u0434\u043e\u0441\u043a\u0438)", "action_flag": 2, "change_message": "[{\"changed\": {\"fields\": [\"img\"]}}]"}}, {"model": "admin.logentry", "pk": 17, "fields": {"action_time": "2019-04-10T13:54:31.448Z", "user": 1, "content_type": 6, "object_id": "5", "object_repr": "Fish board (\u0434\u043e\u0441\u043a\u0438)", "action_flag": 2, "change_message": "[{\"changed\": {\"fields\": [\"img\"]}}]"}}, {"model": "admin.logentry", "pk": 18, "fields": {"action_time": "2019-04-10T13:54:42.101Z", "user": 1, "content_type": 6, "object_id": "6", "object_repr": "Sup board (\u0434\u043e\u0441\u043a\u0438)", "action_flag": 2, "change_message": "[{\"changed\": {\"fields\": [\"img\"]}}]"}}]